driverId,name,ssn,location,certified,wage-plan
10,Thomas James,421-04-0659,"USS Booker
FPO AA 19818",Y,miles
11,Corey Wood,678-38-4723,"4212 Jessica Rest Apt. 260
East Thomas, WY 22489",N,miles
12,Renee Hebert,362-76-6897,"4147 Hannah Roads Suite 739
North Christopher, IN 70131",N,miles
13,Andrew Delgado,474-79-6865,"USNV Pierce
FPO AA 78040",N,hours
14,Abigail Johnson,005-78-2100,"19994 Berry Haven
North Caitlynmouth, ME 24883",Y,hours
15,Henry Lambert,583-56-0794,"5254 Campbell Coves Suite 956
Port Amy, AL 24150",N,miles
16,Connie Johnson,352-95-1684,"3543 Holly Skyway Suite 016
West Susanside, IA 08999",N,hours
17,Sharon Strickland,712-93-8101,"Unit 8123 Box 5602
DPO AP 30329",N,miles
18,Ryan Lee,057-52-1864,"86296 Singh Island
Franciscofort, ME 44755",N,miles
19,Michelle Coleman,503-27-9281,"535 Michael Hills
Davidport, IA 20007",N,miles
20,Curtis Knapp,113-14-0434,"99214 Monica Shoal
Mccannview, ID 98050",Y,hours
21,Rachel Cook,451-53-2219,"045 Michael Via
North Sarah, MH 47368",N,miles
22,Hannah Ashley,316-32-3609,"06718 Anne Station Apt. 473
Thomasshire, MD 15634",Y,miles
23,Judy Fields,512-20-4519,"501 Pace Plains
Hobbsburgh, MO 39819",N,miles
24,William Hunter,893-20-1729,"5560 Robert Causeway
Murphyland, PR 61273",Y,miles
25,Alexis White,709-37-1178,"095 Cole Cliffs
Smithbury, WI 26031",N,miles
26,Karen Graves,190-70-1190,"916 Connie Divide
New Cindy, GA 34810",N,miles
27,Gabriel Campbell DVM,390-40-2221,"944 Jack Stream
Porterchester, MS 21655",Y,hours
28,Tammy Williams,451-53-8551,"4691 Amy Common Apt. 796
Kimberlyport, DC 62299",N,miles
29,Jeffrey Kent,524-55-0573,"19044 Mathis Streets Apt. 204
North Carrieborough, PA 20718",N,hours
30,Sharon Martin,052-31-7853,"116 Michael Village Apt. 787
Johnview, OR 89454",Y,miles
31,Mr. James Hurst,454-51-2507,"7293 Oliver Ridges Apt. 108
Smithtown, DE 90056",N,hours
32,Dr. Zachary Payne,671-10-5978,"67444 Terry Causeway
Kellytown, AL 99923",N,miles
33,Margaret Tyler,015-16-3314,"448 Greene Corner
Klinestad, MS 80692",Y,miles
34,Kevin Smith,492-60-1711,"07350 Rich Pines
Aaronfort, MS 92606",Y,hours
35,Andrew Clark,085-40-6096,"968 Myers Meadows Apt. 731
Tylerburgh, CO 49456",Y,hours
36,John Guzman,108-30-8939,"5849 Hayes Springs Apt. 533
Heidiview, MN 04454",Y,miles
37,Dorothy Garcia,412-92-8888,"30245 Tony Isle Apt. 173
New Ricardo, LA 96740",N,miles
38,John Garcia,130-71-1090,"34497 Hogan Road Apt. 296
Lake Latasha, SD 95216",N,hours
39,Amber Cervantes,347-37-0725,"5845 Sweeney Isle Suite 453
Timothyview, PR 41165",Y,miles
40,Tara Wilson,730-78-4398,"USNV Murray
FPO AA 94747",N,hours
41,Victoria Blanchard,183-56-1867,"6122 Smith Lodge Apt. 985
Lake Kimberlymouth, IA 23751",N,hours
42,Erin Pratt,095-03-4605,"37982 Darlene Mills
Marybury, UT 87201",N,miles
43,Julia Kennedy,872-94-3779,"62926 Lee Trail
New Emilyside, PW 24241",N,miles
44,Laura Yoder,409-33-3829,"34723 Ashley Heights Apt. 912
North Robert, FL 34802",N,miles
45,Mary Gonzalez,774-23-2745,"71574 Taylor Forest Suite 507
Christopherburgh, ID 44055",Y,hours
46,Omar Fletcher,102-29-4975,"68472 Cline Pine Apt. 071
Gallegosberg, MP 34317",Y,miles
47,Tammy Lee,073-15-6971,"649 Robert Row Apt. 665
Goodmanchester, FL 03623",N,miles
48,Joseph Watson,747-83-8788,"007 Douglas Alley Apt. 517
West Vanessa, MN 09169",Y,hours
49,Rebecca Mueller,173-32-3934,"Unit 9212 Box 4944
DPO AP 67838",Y,hours
50,Lisa Morgan,492-40-0479,"909 Conner Wall
Johntown, MH 66065",Y,hours
51,Christopher Pope,740-18-7499,"71295 Sara Greens
Johnsonborough, AK 57208",N,hours
52,James White,103-47-0188,"64654 Lewis Oval
Parkerview, DE 56521",N,miles
53,Steven Singh,633-10-8662,"PSC 6050, Box 2996
APO AA 99122",N,miles
54,Cameron Thomas,543-74-2240,"55240 Love Islands
Hernandezchester, OK 68811",N,hours
55,Danny Rice,358-78-8468,"03176 Kennedy Street
North Joanside, VA 43699",N,miles
56,John Potts,829-54-5425,"191 Jessica Plains Suite 130
Scotthaven, VI 80266",Y,miles
57,Tara Mosley,796-57-0560,"304 Heath Prairie Suite 850
Smithmouth, MO 85397",N,miles
58,Ian Meyer,695-44-0605,"286 Tammy Ferry Apt. 338
East Nicole, SD 26477",Y,hours
59,Matthew Coleman,154-80-3344,"32381 Jared Neck
Lake Todd, AK 03831",Y,hours
60,Michael Rodriguez,802-98-1905,"4221 Wilson Corners Apt. 611
East Bradleymouth, GU 86236",Y,miles
61,Thomas Holloway,500-31-6881,"26826 Stephanie Overpass Apt. 884
Josephbury, NJ 83785",Y,miles
62,Maria White,095-28-0672,"564 Elizabeth Island Apt. 416
Marilynchester, FM 27514",Y,miles
63,Alexa Harrell,299-86-5872,"916 Luke Lodge
Watsonshire, KS 53722",N,miles
64,Nicholas Gonzalez,184-26-8097,"Unit 7752 Box 8237
DPO AA 44202",N,hours
65,Steven Williams,567-32-4884,"52398 Gill Plaza Suite 558
Blackville, MA 59328",N,hours
66,Michael Roberts,079-77-0080,"073 Williams Parkways
Sherriside, CA 02174",Y,miles
67,Lisa Brown,748-08-2848,"9224 Charles Corners Apt. 873
Currymouth, WA 33547",Y,miles
68,Wendy Miles,552-60-2159,"32005 Adrian Groves
West Davefort, AL 87301",N,miles
69,Zachary Colon,147-72-6113,"8608 Joshua Lights
Lisaberg, WV 14749",N,miles
70,Melissa Warner,890-88-4474,"7004 Ryan Trail Suite 959
Jamesside, NY 63579",N,miles
71,Kristen Nelson,304-37-3404,"678 Warren Cliffs Suite 487
Lake Jeffreybury, NC 76235",Y,miles
72,Jessica White,047-60-4113,"4216 Wilson Skyway Apt. 168
Ortizchester, NY 12197",N,hours
73,Teresa Stokes,017-91-2548,"73367 Kevin Knolls
Lake Deborahfort, TN 75517",Y,hours
74,Wendy Turner,249-09-6255,"14656 Morgan Lake Apt. 787
Williamsmouth, NH 29775",Y,hours
75,Krista Rose,639-64-0103,"897 Jonathan Trace
South Jessica, MP 74122",N,miles
76,Robert Hayden,478-42-2624,"USCGC Hayes
FPO AA 38009",Y,hours
77,Walter Cox,496-42-2007,"549 Kiara Spring
Harperborough, PR 70865",N,hours
78,Cheryl Lopez,698-30-6563,"773 Murray River Apt. 442
Aaronview, WY 20014",Y,miles
79,Brittney Mcguire,668-23-1952,"800 Smith Lake Apt. 831
Robertmouth, OR 61882",N,hours
80,Emily Foster,589-70-9536,"71310 Anne Fords Apt. 124
Bobbyport, SD 68757",Y,miles
81,Jonathan Lewis,711-37-5419,"1132 Randy Viaduct Apt. 298
Kylefort, RI 48202",Y,hours
82,Emily Johnson,482-14-2775,"5946 John Harbors Suite 783
Lake Ronaldland, WI 71434",N,hours
83,Brandon Schaefer,464-92-2095,"2103 Smith Prairie Suite 662
East Michael, MH 80229",Y,miles
84,Jeffrey Weaver,265-30-4863,"98173 Candace Lodge
East Julieside, AR 32869",Y,miles
85,Kristin Rodriguez,026-96-4159,"61182 Lewis Groves
Aguirreside, TN 24720",N,hours
86,April Arnold DVM,203-44-4256,"38879 Clayton Center
North John, GA 49836",Y,hours
87,Richard Daniels,658-46-6659,"464 Leslie Cove
Bryanton, WV 14234",N,hours
88,Laurie Smith,199-97-7048,"Unit 4179 Box 8436
DPO AA 60438",Y,miles
89,Charles Miller,045-60-7321,"283 Diana Fords
Lake Candice, VI 09582",Y,hours
90,Ian Farrell,245-29-6230,"497 Ashley Ports Suite 764
New Nicolemouth, NV 38270",N,hours
91,Taylor Carter,358-70-1290,"5736 Miller Turnpike Apt. 775
Yvettefort, CA 90822",Y,hours
92,Jermaine Escobar,860-24-6801,"03574 Jacqueline Valley Suite 618
Cabrerahaven, AZ 05634",Y,miles
93,Diana Thornton DDS,854-57-7209,"62985 Kayla Union
Sarafort, DC 40846",Y,miles
94,Mr. Brandon Foster,159-30-3171,"PSC 5136, Box 8684
APO AA 84748",Y,miles
95,Michele Pierce,191-03-1551,"596 Cruz Junctions Suite 282
Lake Danielfurt, PR 41020",Y,hours
96,Lisa King,834-91-5023,"0554 Chad Islands
Flowersville, CA 58424",Y,hours
97,Bryan Moore,014-28-0295,"4729 Ashley Centers Suite 948
Geraldtown, SC 17047",Y,miles
98,Amanda Tate,756-16-3038,"12846 Johnson Freeway Suite 414
North Nicholas, IL 17946",N,hours
99,Brandon Smith,236-07-2569,"63525 Paul Radial Suite 956
South Christine, PR 33875",N,miles
100,Shannon French,801-73-6779,"7512 Anderson Villages Suite 492
North Benjaminbury, CT 13651",N,miles
101,Oscar Hall,822-91-5223,"0780 Moreno Cliffs
Ashleyshire, PA 50155",N,miles
102,Stephen Galvan,167-02-3377,"2341 Sheila Forge
Colemanland, NM 93334",Y,miles
103,Edward Barrett,184-86-1918,"128 Diaz Expressway
Seanborough, NV 26415",N,miles
104,Samuel Jordan,069-49-8852,"296 Davis Crest
Jonestown, WA 66863",Y,hours
105,Richard Mccormick,473-99-9941,"316 Chapman Motorway Apt. 500
East Jacqueline, ND 20089",Y,miles
106,Teresa Jarvis,046-16-8286,"667 Sharon Light Apt. 428
East Heather, DE 85014",N,hours
107,Alexandria Wright,844-65-8381,"325 Lee Locks Apt. 682
Gonzalezmouth, MT 18075",Y,miles
108,David Brown,156-14-7961,"159 Robert Spur Suite 520
North Brian, NM 68057",Y,hours
109,Nicholas Spencer,679-90-4441,"1894 Mcgee Mountains Apt. 575
Port Jamesshire, GU 80375",N,hours
